Link Name,Center of Mass X,Center of Mass Y,Center of Mass Z,Center of Mass Roll,Center of Mass Pitch,Center of Mass Yaw,Mass,Moment Ixx,Moment Ixy,Moment Ixz,Moment Iyy,Moment Iyz,Moment Izz,Visual X,Visual Y,Visual Z,Visual Roll,Visual Pitch,Visual Yaw,Mesh Filename,Color Red,Color Green,Color Blue,Color Alpha,Collision X,Collision Y,Collision Z,Collision Roll,Collision Pitch,Collision Yaw,Collision Mesh Filename,Material Name,SW Components,Coordinate System,Axis Name,Joint Name,Joint Type,Joint Origin X,Joint Origin Y,Joint Origin Z,Joint Origin Roll,Joint Origin Pitch,Joint Origin Yaw,Parent,Joint Axis X,Joint Axis Y,Joint Axis Z,Limit Effort,Limit Velocity,Limit Lower,Limit Upper,Calibration rising,Calibration falling,Dynamics Damping,Dynamics Friction,Safety Soft Upper,Safety Soft Lower,Safety K Position,Safety K Velocity
base_link,0.0025991,-3.2067E-19,-3.4254E-19,0,0,0,0,0,0,0,0,0,0,0,0,0,0,0,0,package://Uhand/meshes/base_link.STL,0.79608,0.82353,0.93725,1,0,0,0,0,0,0,package://Uhand/meshes/base_link.STL,,origin-1,Coordinate System1,,,,0,0,0,0,0,0,,0,0,0,,,,,,,,,,,,
x_p,-5.20417042793042E-18,-0.00794237940213518,1.06969741514986E-17,0,0,0,3.78584073464103E-05,2.55108943811155E-09,-7.64274297953793E-25,-1.51784794661591E-26,2.88910400675427E-11,4.41382179858641E-26,2.53612833933595E-09,0,0,0,0,0,0,package://Uhand/meshes/x_p.STL,0.796078431372549,0.823529411764706,0.937254901960784,1,0,0,0,0,0,0,package://Uhand/meshes/x_p.STL,,axis_y-1,Origin_j_x_p,cood_x,j_x_p,prismatic,0.01,0,0,0,0,0,base_link,1,0,0,0,0,-0.1,0.1,,,,,,,,
x_r,0,0.00794237940213515,6.38687641059311E-19,0,0,0,3.78584073464103E-05,2.55108943811155E-09,2.1345128501797E-26,-1.94410142771761E-27,2.88910400675427E-11,-1.78880538824038E-25,2.53612833933595E-09,0,0,0,0,0,0,package://Uhand/meshes/x_r.STL,0.796078431372549,0.823529411764706,0.937254901960784,1,0,0,0,0,0,0,package://Uhand/meshes/x_r.STL,,axis_y-1,Origin_j_x_r,cood_x,j_x_r,revolute,0,0,0,3.14159265358979,0,0,x_p,1,0,0,0,0,-3.14,3.14,,,,,,,,
y_p,-9.19403442267708E-17,-5.8113236445223E-17,-0.00794237940213551,0,0,0,3.78584073464103E-05,2.53612833933596E-09,-3.41299536834922E-27,-2.4158055550224E-24,2.55108943811156E-09,-1.54688136321938E-24,2.88910400675428E-11,0,0,0,0,0,0,package://Uhand/meshes/y_p.STL,0.796078431372549,0.823529411764706,0.937254901960784,1,0,0,0,0,0,0,package://Uhand/meshes/y_p.STL,,axis_y-2,Origin_j_y_p,cood_y,j_y_p,prismatic,0,0.00450000000000005,0,0,0,0,x_r,0,-1,0,0,0,-0.1,0.1,,,,,,,,
y_r,1.73472347597681E-18,-6.07153216591882E-18,-0.00794237940213514,0,0,0,3.78584073464103E-05,2.53612833933596E-09,-3.41299536834765E-27,2.57955177884112E-25,2.55108943811155E-09,-1.76877649733506E-24,2.88910400675428E-11,0,0,0,0,0,0,package://Uhand/meshes/y_r.STL,0.796078431372549,0.823529411764706,0.937254901960784,1,0,0,0,0,0,0,package://Uhand/meshes/y_r.STL,,axis_y-2,Origin_j_y_r,cood_y,j_y_r,revolute,0,0,0,0,0,0,y_p,0,-1,0,0,0,-3.14,3.14,,,,,,,,
z_p,0.00791512995370383,0.0178121352099764,-3.04959540018083E-05,0,0,0,0.000404162662989893,1.59983612070223E-07,5.69815205367134E-08,-9.75565568516392E-11,6.02526727249412E-08,-2.19540372859233E-10,2.19918293461067E-07,0,0,0,0,0,0,package://Uhand/meshes/z_p.STL,0.796078431372549,0.823529411764706,0.937254901960784,1,0,0,0,0,0,0,package://Uhand/meshes/z_p.STL,,physical_hand-1/wrist-1,Origin_j_z_p,cood_z,j_z_p,prismatic,0,0,0.00949999999999996,0,0,0,y_r,0,0,-1,0,0,-0.1,0.1,,,,,,,,
z_r,0.00791512995370377,0.0178121352099762,-3.04959540018031E-05,0,0,0,0.000404162662989893,1.59983612070223E-07,5.69815205367135E-08,-9.75565568517621E-11,6.02526727249414E-08,-2.19540372858973E-10,2.19918293461067E-07,0,0,0,0,0,0,package://Uhand/meshes/z_r.STL,0.796078431372549,0.823529411764706,0.937254901960784,1,0,0,0,0,0,0,package://Uhand/meshes/z_r.STL,,physical_hand-1/wrist-1,Origin_j_z_r,cood_z,j_z_r,revolute,0,0,0,0,0,0,z_p,0,0,-1,0,0,-3.14,3.14,,,,,,,,
palm,2.94902990916057E-17,-4.84996764971157E-12,1.21229762339858E-12,0,0,0,0.00110064,2.95304480000001E-09,2.55549753109975E-22,1.92736558087339E-22,4.588110496E-07,4.20961809988026E-25,4.587930448E-07,0,0,0,0,0,0,package://Uhand/meshes/palm.STL,0.796078431372549,0.823529411764706,0.937254901960784,1,0,0,0,0,0,0,package://Uhand/meshes/palm.STL,,physical_hand-1/palm_horizental-1,Origin_j_palm,Axis_y <physical_hand-1>,j_palm,prismatic,0,0.03,0,0,0,0,z_r,0,-1,0,0,0,-0.05,0.15,,,,,,,,
if_w,2.70616862252382E-16,0.00118786549707601,-2.81025203108243E-16,0,0,0,0.00010944,1.71813108538012E-09,-1.40994109491614E-25,1.19580464036149E-27,3.621968E-10,1.87928197768656E-25,1.60777428538012E-09,0,0,0,0,0,0,package://Uhand/meshes/if_w.STL,0.796078431372549,0.823529411764706,0.937254901960784,1,0,0,0,0,0,0,package://Uhand/meshes/if_w.STL,,physical_hand-1/ff_root-1,Origin_J_if_w,Axis_palm_horizon <physical_hand-1>,j_if_w,prismatic,0.0299999999999999,0,0,0,0,0,palm,1,0,0,0,0,-0.05,0.15,,,,,,,,
if_h,-5.55111512312578E-17,-0.00552984120837516,6.78276879106932E-15,0,0,0,0.000100319336324001,9.93537277079916E-10,6.85988403081845E-25,-2.02382400365199E-25,4.0987268741881E-10,8.17536723091073E-25,8.42393885201357E-10,0,0,0,0,0,0,package://Uhand/meshes/if_h.STL,0.796078431372549,0.823529411764706,0.937254901960784,1,0,0,0,0,0,0,package://Uhand/meshes/if_h.STL,,physical_hand-1/finger_1_b-1,Origin_j_if_h,Axis_if_h <physical_hand-1>,j_if_h,prismatic,0,0.025,0,0,0,0,if_w,0,-1,0,0,0,-0.05,0.02,,,,,,,,
if_p,-2.08166817117217E-17,-8.59536913172532E-09,-1.18370707333226E-10,0,0,0,5.28584073464097E-05,1.94448371712307E-10,9.48516805145006E-26,-6.50235550410605E-26,1.92834803546751E-10,2.47937871713893E-25,1.22148968840981E-10,0,0,0,0,0,0,package://Uhand/meshes/if_p.STL,0.796078431372549,0.823529411764706,0.937254901960784,1,0,0,0,0,0,0,package://Uhand/meshes/if_p.STL,,physical_hand-1/finger_ab-2,Origin_j_if_p,Axis_if_p <physical_hand-1>,j_if_p,revolute,0,0,0,0,0,0,if_h,0,0,1,0,0,-0.5,0.5,,,,,,,,
if_1a,-8.32667268468867E-17,0.00316930821613481,-1.90819582357449E-16,0,0,0,0.000124738052083641,1.06085000084746E-09,-1.34447499764024E-25,5.03555124770859E-25,1.02715268465627E-09,1.08927817385865E-24,1.78541950321098E-09,0,0,0,0,0,0,package://Uhand/meshes/if_1a.STL,0.796078431372549,0.823529411764706,0.937254901960784,1,0,0,0,0,0,0,package://Uhand/meshes/if_1a.STL,,physical_hand-1/finger_1_a-4,Origin_j_if_1a,Axis_if_1_a <physical_hand-1>,j_if_1a,revolute,0,0,0,0,0,0,if_p,1,0,0,0,0,-0.5,2,,,,,,,,
if_ib,6.93889390390723E-18,-0.00552984120836215,0,0,0,0,0.000100319336324001,8.42393885201352E-10,-6.68560312735535E-26,7.46648177242001E-26,4.0987268741881E-10,9.44015775411705E-26,9.93537277079912E-10,0,0,0,0,0,0,package://Uhand/meshes/if_ib.STL,0.796078431372549,0.823529411764706,0.937254901960784,1,0,0,0,0,0,0,package://Uhand/meshes/if_ib.STL,,physical_hand-1/finger_1_b-6,Origin_j_if_1b,Axis_if_1_b <physical_hand-1>,j_if_1b,prismatic,0,0.029996,0,0,0,0,if_1a,0,-1,0,0,0,-0.05,0.02,,,,,,,,
if_2a,2.08166817117217E-17,0.00137521192345852,-1.10536362459002E-08,0,0,0,6.07663706143591E-05,3.80567713851505E-10,3.19216024638459E-26,3.33679772552747E-26,1.32827642727607E-10,2.48775774161629E-25,3.75331726095522E-10,0,0,0,0,0,0,package://Uhand/meshes/if_2a.STL,0.796078431372549,0.823529411764706,0.937254901960784,1,0,0,0,0,0,0,package://Uhand/meshes/if_2a.STL,,physical_hand-1/finger_2_a-1,Origin_j_if_2a,Axis_if_2_a <physical_hand-1>,j_if_2a,revolute,0,0,0,0,0,0,if_ib,1,0,0,0,0,-0.5,2,,,,,,,,
if_2b,6.93889390390723E-18,-0.00360134933956636,7.33655965839963E-11,0,0,0,0.000145538052083641,1.36646273907263E-09,-1.86739303851754E-25,6.46621490548862E-26,1.02703535132294E-09,-3.29294811460902E-27,1.95544824143616E-09,0,0,0,0,0,0,package://Uhand/meshes/if_2b.STL,0.796078431372549,0.823529411764706,0.937254901960784,1,0,0,0,0,0,0,package://Uhand/meshes/if_2b.STL,,physical_hand-1/finger_2_b-4,Origin_j_if_2b,Axis_if_2_b <physical_hand-1>,j_if_2b,prismatic,0,0.025,0,0,0,0,if_2a,0,-1,0,0,0,-0.05,0.02,,,,,,,,
if_3a,-3.2612801348364E-16,0.00137521287654425,-3.46825835412234E-10,0,0,0,6.07663706143591E-05,3.80567713851505E-10,-6.6674549604693E-26,-4.05217399184541E-26,1.32827642727607E-10,2.37900666245643E-25,3.75331726095522E-10,0,0,0,0,0,0,package://Uhand/meshes/if_3a.STL,0.796078431372549,0.823529411764706,0.937254901960784,1,0,0,0,0,0,0,package://Uhand/meshes/if_3a.STL,,physical_hand-1/finger_3_a-4,Origin_j_if_3a,Axis_if_3_a <physical_hand-1>,j_if_3a,revolute,0,0,0,0,0,0,if_2b,1,0,0,0,0,-0.5,2,,,,,,,,
if_3b,2.77555756156289E-16,-0.00269354790939288,-4.32918837930951E-10,0,0,0,0.000124,7.11021505376344E-10,4.71529903483187E-25,5.75082066448621E-25,6.26666666666668E-10,-1.38459486363605E-24,9.67021505376345E-10,0,0,0,0,0,0,package://Uhand/meshes/if_3b.STL,0.796078431372549,0.823529411764706,0.937254901960784,1,0,0,0,0,0,0,package://Uhand/meshes/if_3b.STL,,physical_hand-1/finger_3_b-4,Origin_j_if_3b,Axis_if_3_b <physical_hand-1>,j_if_3b,prismatic,0,0.015,0,0,0,0,if_3a,0,1,0,0,0,-0.015,0.03,,,,,,,,
mf_w,2.94902990916057E-16,0.00118786549707604,-3.71230823859037E-16,0,0,0,0.00010944,1.71813108538012E-09,-1.26477835703465E-24,-2.54452387833734E-25,3.62196800000001E-10,-1.16650560412424E-24,1.60777428538012E-09,0,0,0,0,0,0,package://Uhand/meshes/mf_w.STL,0.796078431372549,0.823529411764706,0.937254901960784,1,0,0,0,0,0,0,package://Uhand/meshes/mf_w.STL,,physical_hand-1/ff_root-4,Origin_j_mf_w,Axis_palm_horizon <physical_hand-1>,j_mf_w,prismatic,0.0099999999999999,0,0,0,0,0,palm,1,0,0,0,0,-0.1,0.1,,,,,,,,
mf_h,3.01841884819964E-16,-0.00552984120836276,5.16947595841089E-16,0,0,0,0.000100319336324001,9.93537277079914E-10,2.08173635941314E-25,-1.088716462478E-25,4.0987268741881E-10,1.773653776825E-25,8.42393885201354E-10,0,0,0,0,0,0,package://Uhand/meshes/mf_h.STL,0.796078431372549,0.823529411764706,0.937254901960784,1,0,0,0,0,0,0,package://Uhand/meshes/mf_h.STL,,physical_hand-1/finger_1_b-4,Origin_j_mf_h,Axis_mf_h <physical_hand-1>,j_mf_h,prismatic,0,0.025,0,0,0,0,mf_w,0,-1,0,0,0,-0.05,0.02,,,,,,,,
mf_p,2.94902990916057E-16,-6.45317133063372E-16,-3.64291929955129E-17,0,0,0,5.28584073464098E-05,1.94448371712307E-10,6.23504493967845E-26,-8.42607607536718E-26,1.92834803546751E-10,1.87479376100771E-25,1.22148968840981E-10,0,0,0,0,0,0,package://Uhand/meshes/mf_p.STL,0.796078431372549,0.823529411764706,0.937254901960784,1,0,0,0,0,0,0,package://Uhand/meshes/mf_p.STL,,physical_hand-1/finger_ab-4,Origin_j_mf_p,Axis_mf_p <physical_hand-1>,j_mf_p,revolute,0,0,0,0,0,0,mf_h,0,0,1,0,0,-0.5,0.5,,,,,,,,
mf_1a,3.08780778723872E-16,0.00316930821613479,-1.17961196366423E-16,0,0,0,0.000124738052083641,1.06085000084746E-09,1.29480667544902E-25,-1.37010998266068E-25,1.02715268465627E-09,1.69025415467481E-24,1.78541950321099E-09,0,0,0,0,0,0,package://Uhand/meshes/mf_1a.STL,0.796078431372549,0.823529411764706,0.937254901960784,1,0,0,0,0,0,0,package://Uhand/meshes/mf_1a.STL,,physical_hand-1/finger_1_a-3,Origin_j_mf_1a,Axis_mf_1_a <physical_hand-1>,j_mf_1a,revolute,0,0,0,0,0,0,mf_p,1,0,0,0,0,-0.5,2,,,,,,,,
mf_1b,3.46944695195361E-18,-0.00552984034009171,2.47378187379077E-10,0,0,0,0.000100319336324001,8.42393885201355E-10,9.46610837740153E-26,-2.95517441707793E-26,4.0987268741881E-10,7.69158048081436E-26,9.93537277079914E-10,0,0,0,0,0,0,package://Uhand/meshes/mf_1b.STL,0.796078431372549,0.823529411764706,0.937254901960784,1,0,0,0,0,0,0,package://Uhand/meshes/mf_1b.STL,,physical_hand-1/finger_1_b-7,Origin_j_mf_1b,Axis_mf_1_b <physical_hand-1>,j_mf_1b,prismatic,0,0.029795,0,0,0,0,mf_1a,0,-1,0,0,0,-0.05,0.02,,,,,,,,
mf_2a,-5.20417042793042E-16,0.00137521240485092,-6.87991330572402E-15,0,0,0,6.07663706143592E-05,3.80567713851506E-10,5.29995885082184E-26,-2.81146240611506E-26,1.32827642727608E-10,1.0487646326276E-25,3.75331726095523E-10,0,0,0,0,0,0,package://Uhand/meshes/mf_2a.STL,0.796078431372549,0.823529411764706,0.937254901960784,1,0,0,0,0,0,0,package://Uhand/meshes/mf_2a.STL,,physical_hand-1/finger_2_a-4,Origin_j_mf_2a,Axis_mf_2_a <physical_hand-1>,j_mf_2a,revolute,0,0,0,0,0,0,mf_1b,1,0,0,0,0,-0.5,2,,,,,,,,
mf_2b,1.73472347597681E-16,-0.00360134953435334,-4.36257941230367E-10,0,0,0,0.000145538052083641,1.36646273907264E-09,-8.58420516599697E-26,1.0263778800404E-25,1.02703535132294E-09,-5.26165042123683E-23,1.95544824143616E-09,0,0,0,0,0,0,package://Uhand/meshes/mf_2b.STL,0.796078431372549,0.823529411764706,0.937254901960784,1,0,0,0,0,0,0,package://Uhand/meshes/mf_2b.STL,,physical_hand-1/finger_2_b-3,Origin_j_mf_2b,Axis_mf_2_b <physical_hand-1>,j_mf_2b,prismatic,0,0.025,0,0,0,0,mf_2a,0,-1,0,0,0,-0.05,0.02,,,,,,,,
mf_3a,-1.53696499971545E-15,0.00137521240515756,1.31023664140528E-14,0,0,0,6.07663706143591E-05,3.80567713851505E-10,9.36384072553353E-26,-4.85126499596791E-27,1.32827642727607E-10,2.01258567495225E-25,3.75331726095522E-10,0,0,0,0,0,0,package://Uhand/meshes/mf_3a.STL,0.796078431372549,0.823529411764706,0.937254901960784,1,0,0,0,0,0,0,package://Uhand/meshes/mf_3a.STL,,physical_hand-1/finger_3_a-2,Origin_j_mf_3a,Axis_mf_3_a <physical_hand-1>,j_mf_3a,revolute,0,0,0,0,0,0,mf_2b,1,0,0,0,0,-0.5,2,,,,,,,,
mf_3b,-1.6306400674182E-16,-0.00269354838712349,2.49453235845465E-15,0,0,0,0.000124,7.11021505376344E-10,1.16540996661741E-25,-4.14139351673071E-25,6.26666666666668E-10,4.56342903816741E-25,9.67021505376344E-10,0,0,0,0,0,0,package://Uhand/meshes/mf_3b.STL,0.796078431372549,0.823529411764706,0.937254901960784,1,0,0,0,0,0,0,package://Uhand/meshes/mf_3b.STL,,physical_hand-1/finger_3_b-3,Origin_j_mf_3b,Axis_mf_3_b <physical_hand-1>,j_mf_3b,prismatic,0,0.015,0,0,0,0,mf_3a,0,1,0,0,0,-0.015,0.03,,,,,,,,
rf_w,7.52864651159346E-17,0.00118786549222611,-1.21301926836459E-12,0,0,0,0.00010944,1.71813108538012E-09,-1.37849764438433E-24,-1.74892386095138E-25,3.621968E-10,3.40356615418271E-24,1.60777428538012E-09,0,0,0,0,0,0,package://Uhand/meshes/rf_w.STL,0.796078431372549,0.823529411764706,0.937254901960784,1,0,0,0,0,0,0,package://Uhand/meshes/rf_w.STL,,physical_hand-1/ff_root-2,Origin_j_rf_w,Axis_palm_horizon <physical_hand-1>,j_rf_w,prismatic,-0.0100000000000001,0,0,0,0,0,palm,1,0,0,0,0,-0.1,0.1,,,,,,,,
rf_h,8.28867020055335E-17,-0.0055298412083615,-6.45317133063372E-16,0,0,0,0.000100319336324001,9.93537277079914E-10,1.24406065415456E-25,-2.14223444328928E-25,4.0987268741881E-10,6.59836850793473E-25,8.42393885201354E-10,0,0,0,0,0,0,package://Uhand/meshes/rf_h.STL,0.796078431372549,0.823529411764706,0.937254901960784,1,0,0,0,0,0,0,package://Uhand/meshes/rf_h.STL,,physical_hand-1/finger_1_b-3,Origin_j_rf_h,Axis_rf_h <physical_hand-1>,j_rf_h,prismatic,0,0.025,0,0,0,0,rf_w,0,-1,0,0,0,-0.05,0.02,,,,,,,,
rf_p,4.45048322955896E-16,6.93889390390723E-18,7.21644966006352E-16,0,0,0,5.28584073464097E-05,1.94448371712307E-10,-2.17850603140683E-26,6.65632042445593E-26,1.92834803546751E-10,2.57316208009179E-25,1.22148968840981E-10,0,0,0,0,0,0,package://Uhand/meshes/rf_p.STL,0.796078431372549,0.823529411764706,0.937254901960784,1,0,0,0,0,0,0,package://Uhand/meshes/rf_p.STL,,physical_hand-1/finger_ab-3,Origin_j_rf_p,Axis_rf_p <physical_hand-1>,j_rf_p,revolute,0,0,0,0,0,0,rf_h,0,0,1,0,0,-0.5,0.5,,,,,,,,
rf_1a,3.53974580395367E-16,0.00316930821612291,1.28438926161323E-14,0,0,0,0.000124738052083641,1.06085000084746E-09,-2.67348674394166E-25,1.3529160366912E-25,1.02715268465627E-09,1.36725857954407E-25,1.78541950321098E-09,0,0,0,0,0,0,package://Uhand/meshes/rf_1a.STL,0.796078431372549,0.823529411764706,0.937254901960784,1,0,0,0,0,0,0,package://Uhand/meshes/rf_1a.STL,,physical_hand-1/finger_1_a-1,Origin_j_rf_1a,Axis_rf_1_a <physical_hand-1>,j_rf_1a,revolute,0,0,0,0,0,0,rf_p,1,0,0,0,0,-0.5,2,,,,,,,,
rf_1b,1.86572385533214E-16,-0.00552984115257971,-5.38339192668325E-10,0,0,0,0.000100319336324001,8.42393885201355E-10,2.26950968531497E-25,5.75582197434207E-25,4.0987268741881E-10,-3.86680786424031E-23,9.93537277079914E-10,0,0,0,0,0,0,package://Uhand/meshes/rf_1b.STL,0.796078431372549,0.823529411764706,0.937254901960784,1,0,0,0,0,0,0,package://Uhand/meshes/rf_1b.STL,,physical_hand-1/finger_1_b-8,Origin_j_rf_1b,Axis_rf_1_b <physical_hand-1>,j_rf_1b,prismatic,0,0.029996,0,0,0,0,rf_1a,0,-1,0,0,0,-0.05,0.02,,,,,,,,
rf_2a,4.38871225571853E-16,0.00137521240495836,1.42441614059408E-13,0,0,0,6.07663706143592E-05,3.80567713851506E-10,-1.38256922618556E-26,3.64266597704959E-26,1.32827642727608E-10,1.6772807805926E-25,3.75331726095522E-10,0,0,0,0,0,0,package://Uhand/meshes/rf_2a.STL,0.796078431372549,0.823529411764706,0.937254901960784,1,0,0,0,0,0,0,package://Uhand/meshes/rf_2a.STL,,physical_hand-1/finger_2_a-3,Origin_j_rf_2a,Axis_rf_2_a <physical_hand-1>,j_rf_2a,revolute,0,0,0,0,0,0,rf_1b,1,0,0,0,0,-0.5,2,,,,,,,,
rf_2b,1.58221601492722E-16,-0.00360134908851197,-4.29038915505942E-10,0,0,0,0.000145538052083641,1.36646273907264E-09,-5.89275187391064E-25,3.09083309601438E-24,1.02703535132294E-09,-5.32176938371794E-23,1.95544824143617E-09,0,0,0,0,0,0,package://Uhand/meshes/rf_2b.STL,0.796078431372549,0.823529411764706,0.937254901960784,1,0,0,0,0,0,0,package://Uhand/meshes/rf_2b.STL,,physical_hand-1/finger_2_b-2,Origin_j_rf_2b,Axis_rf_2_b <physical_hand-1>,j_rf_2b,prismatic,0,0.025,0,0,0,0,rf_2a,0,-1,0,0,0,-0.05,0.02,,,,,,,,
rf_3a,1.40264919585711E-15,0.00137521240545996,-1.94687165694374E-11,0,0,0,6.07663706143592E-05,3.80567713851505E-10,-2.10408933324762E-25,-2.26923067209431E-26,1.32827642727607E-10,-1.35444840383959E-26,3.75331726095522E-10,0,0,0,0,0,0,package://Uhand/meshes/rf_3a.STL,0.796078431372549,0.823529411764706,0.937254901960784,1,0,0,0,0,0,0,package://Uhand/meshes/rf_3a.STL,,physical_hand-1/finger_3_a-3,Origin_j_rf_3a,Axis_mf_3_a <physical_hand-1>,j_rf_3a,revolute,0,0,0,0,0,0,rf_2b,1,0,0,0,0,-0.5,2,,,,,,,,
rf_3b,1.85797478131646E-16,-0.00269354838709499,-3.29597460435593E-16,0,0,0,0.000124,7.11021505376346E-10,-4.15852385511889E-26,3.56291400225393E-25,6.26666666666669E-10,5.7761659639842E-26,9.67021505376347E-10,0,0,0,0,0,0,package://Uhand/meshes/rf_3b.STL,0.796078431372549,0.823529411764706,0.937254901960784,1,0,0,0,0,0,0,package://Uhand/meshes/rf_3b.STL,,physical_hand-1/finger_3_b-2,Origin_j_rf_3b,Axis_rf_3_b <physical_hand-1>,j_rf_3b,prismatic,0,0.015,0,0,0,0,rf_3a,0,1,0,0,0,-0.015,0.03,,,,,,,,
lf_w,-3.46944695195361E-18,0.00118786549707604,-3.34801630863524E-16,0,0,0,0.00010944,1.71813108538012E-09,-3.43768697200801E-25,-5.6183705128095E-26,3.621968E-10,5.2110154113404E-26,1.60777428538012E-09,0,0,0,0,0,0,package://Uhand/meshes/lf_w.STL,0.796078431372549,0.823529411764706,0.937254901960784,1,0,0,0,0,0,0,package://Uhand/meshes/lf_w.STL,,physical_hand-1/ff_root-3,Origin_j_lf_w,Axis_palm_horizon <physical_hand-1>,j_lf_w,prismatic,-0.03,0,0,0,0,0,palm,1,0,0,0,0,-0.15,0.05,,,,,,,,
lf_h,-6.83481049534862E-16,-0.00552984120836151,-3.40005801291454E-16,0,0,0,0.000100319336324001,9.93537277079915E-10,6.99201262755668E-25,4.21131590895852E-26,4.0987268741881E-10,2.35254962150859E-25,8.42393885201355E-10,0,0,0,0,0,0,package://Uhand/meshes/lf_h.STL,0.796078431372549,0.823529411764706,0.937254901960784,1,0,0,0,0,0,0,package://Uhand/meshes/lf_h.STL,,physical_hand-1/finger_1_b-2,Origin_j_lf_h,Axis_lf_h <physical_hand-1>,j_lf_h,prismatic,0,0.025,0,0,0,0,lf_w,0,-1,0,0,0,-0.05,0.02,,,,,,,,
lf_p,-9.36750677027476E-17,-6.93889390390723E-18,-5.72458747072346E-17,0,0,0,5.28584073464097E-05,1.94448371712307E-10,4.04877214157126E-26,-7.73122229384923E-26,1.92834803546751E-10,1.69250539636642E-25,1.22148968840981E-10,0,0,0,0,0,0,package://Uhand/meshes/lf_p.STL,0.796078431372549,0.823529411764706,0.937254901960784,1,0,0,0,0,0,0,package://Uhand/meshes/lf_p.STL,,physical_hand-1/finger_ab-1,Origin_j_lf_p,Axis_lf_p <physical_hand-1>,j_lf_p,revolute,0,0,0,0,0,0,lf_h,0,0,1,0,0,-0.5,0.5,,,,,,,,
lf_1a,-4.05925293378573E-16,0.0031693082161348,-9.36750677027476E-17,0,0,0,0.000124738052083641,1.06085000084746E-09,2.02577814794683E-25,1.61903881317336E-24,1.02715268465627E-09,-8.5111453250717E-26,1.78541950321099E-09,0,0,0,0,0,0,package://Uhand/meshes/lf_1a.STL,0.796078431372549,0.823529411764706,0.937254901960784,1,0,0,0,0,0,0,package://Uhand/meshes/lf_1a.STL,,physical_hand-1/finger_1_a-2,Origin_j_lf_1a,Axis_lf_1_a <physical_hand-1>,j_lf_1a,revolute,0,0,0,0,0,0,lf_p,1,0,0,0,0,-0.5,2,,,,,,,,
lf_1b,4.5102810375397E-17,-0.00552984106860749,-6.08141403554696E-10,0,0,0,0.000100319336324001,8.42393885201355E-10,-8.56425114418152E-26,-1.71954880179881E-25,4.0987268741881E-10,-4.23207724314343E-23,9.93537277079915E-10,0,0,0,0,0,0,package://Uhand/meshes/lf_1b.STL,0.796078431372549,0.823529411764706,0.937254901960784,1,0,0,0,0,0,0,package://Uhand/meshes/lf_1b.STL,,physical_hand-1/finger_1_b-5,Origin_j_lf_1b,Axis_lf_1_b <physical_hand-1>,j_lf_1b,prismatic,0,0.029996,0,0,0,0,lf_1a,0,-1,0,0,0,-0.05,0.02,,,,,,,,
lf_2a,-2.18575157973078E-16,0.00137521239181219,-6.83034647938618E-10,0,0,0,6.07663706143591E-05,3.80567713851505E-10,4.30581111721796E-28,4.69866721088289E-26,1.32827642727607E-10,1.06650341809394E-25,3.75331726095522E-10,0,0,0,0,0,0,package://Uhand/meshes/lf_2a.STL,0.796078431372549,0.823529411764706,0.937254901960784,1,0,0,0,0,0,0,package://Uhand/meshes/lf_2a.STL,,physical_hand-1/finger_2_a-2,Origin_j_lf_2a,Axis_lf_2_a <physical_hand-1>,j_lf_2a,revolute,0,0,0,0,0,0,lf_1b,1,0,0,0,0,-0.5,2,,,,,,,,
lf_2b,3.46944695195361E-17,-0.00360134898877648,1.12177865954632E-10,0,0,0,0.000145538052083641,1.36646273907264E-09,-1.41210596099068E-24,-9.42388093322229E-25,1.02703535132294E-09,-5.14065544128206E-23,1.95544824143617E-09,0,0,0,0,0,0,package://Uhand/meshes/lf_2b.STL,0.796078431372549,0.823529411764706,0.937254901960784,1,0,0,0,0,0,0,package://Uhand/meshes/lf_2b.STL,,physical_hand-1/finger_2_b-1,Origin_j_lf_2b,Axis_lf_2_b <physical_hand-1>,j_lf_2b,prismatic,0,0.025,0,0,0,0,lf_2a,0,-1,0,0,0,-0.05,0.02,,,,,,,,
lf_3a,-1.0998146837693E-15,0.00137521241060792,-1.9381799984397E-11,0,0,0,6.07663706143592E-05,3.80567713851506E-10,-1.70042061723299E-26,9.13173951679307E-27,1.32827642727607E-10,1.08371173605671E-25,3.75331726095523E-10,0,0,0,0,0,0,package://Uhand/meshes/lf_3a.STL,0.796078431372549,0.823529411764706,0.937254901960784,1,0,0,0,0,0,0,package://Uhand/meshes/lf_3a.STL,,physical_hand-1/finger_3_a-1,Origin_j_lf_3a,Axis_lf_3_a <physical_hand-1>,j_lf_3a,revolute,0,0,0,0,0,0,lf_2b,1,0,0,0,0,-0.5,2,,,,,,,,
lf_3b,5.20417042793042E-17,-0.00269354838709687,-4.30211422042248E-16,0,0,0,0.000124,7.11021505376345E-10,4.11538162253862E-25,-3.24637750677925E-26,6.26666666666668E-10,-8.53380014978384E-26,9.67021505376346E-10,0,0,0,0,0,0,package://Uhand/meshes/lf_3b.STL,0.796078431372549,0.823529411764706,0.937254901960784,1,0,0,0,0,0,0,package://Uhand/meshes/lf_3b.STL,,physical_hand-1/finger_3_b-1,Origin_j_lf_3b,Axis_lf_3_b <physical_hand-1>,j_lf_3b,prismatic,0,0.015,0,0,0,0,lf_3a,0,-1,0,0,0,-0.03,0.015,,,,,,,,
th_x,6.93889390390723E-18,1.16752961465405E-13,0.0127661244052057,0,0,0,0.000164497848630477,1.91604193059694E-08,6.9311155237662E-26,-3.82680199224188E-24,1.91453823333994E-08,2.67773258409826E-25,1.76514183545945E-10,0,0,0,0,0,0,package://Uhand/meshes/th_x.STL,0.796078431372549,0.823529411764706,0.937254901960784,1,0,0,0,0,0,0,package://Uhand/meshes/th_x.STL,,physical_hand-1/th_yz-1,Origin_j_th_x,wrist_x,j_th_x,prismatic,0.03,0,0,0,0,0,z_r,-1,0,0,0,0,-0.05,0.1,,,,,,,,
th_z,1.38777878078145E-17,0.00254153489978557,-9.74914593498966E-16,0,0,0,7.00869004940772E-05,1.14843412621691E-09,-8.22943542013741E-26,3.42878660719414E-26,1.47350794700101E-10,-6.73004628833941E-26,1.16643892621691E-09,0,0,0,0,0,0,package://Uhand/meshes/th_z.STL,0.796078431372549,0.823529411764706,0.937254901960784,1,0,0,0,0,0,0,package://Uhand/meshes/th_z.STL,,physical_hand-1/th_z1-1,Origin_j_th_z,wrist_z,j_th_z,prismatic,0,0,0.0100000000000337,0,0,0,th_x,0,0,-1,0,0,-0.05,0.05,,,,,,,,
th_y,6.93889390390723E-18,-0.00014919939108363,0.000151392194842764,0,0,0,3.68717339641298E-05,9.65756980737243E-11,-3.26711411615977E-15,3.26711411614875E-15,1.16400208765373E-10,1.05048844441119E-12,1.10691178902702E-10,0,0,0,0,0,0,package://Uhand/meshes/th_y.STL,0.796078431372549,0.823529411764706,0.937254901960784,1,0,0,0,0,0,0,package://Uhand/meshes/th_y.STL,,physical_hand-1/th_ab-1,Origin_j_th_y,wrist_y,j_th_y,prismatic,0,0.00499999999296586,0,0,0,0,th_z,0,-1,0,0,0,-0.1,0.1,,,,,,,,
th_p,6.93889390390723E-18,-0.000149199362867659,0.000151392194869676,0,0,0,3.68717339641298E-05,9.65756980737243E-11,-3.26711411618644E-15,3.26711411615721E-15,1.16400208765373E-10,1.05048844441116E-12,1.10691178902702E-10,0,0,0,0,0,0,package://Uhand/meshes/th_p.STL,0.796078431372549,0.823529411764706,0.937254901960784,1,0,0,0,0,0,0,package://Uhand/meshes/th_p.STL,,physical_hand-1/th_ab-1,Origin_j_th_p,Axis_th_p <physical_hand-1>,j_th_p,revolute,0,0,0,0,0,0,th_y,0,1,0,0,0,-1.57,1,,,,,,,,
th_1a,0.0045769320676045,1.06430159824145E-10,-1.61316446312121E-12,0,0,0,0.000166538052083641,1.52127935132294E-09,-2.06795153138252E-25,-2.12643830867961E-25,3.20401524611715E-09,-1.56123880294227E-25,2.10233374375363E-09,0,0,0,0,0,0,package://Uhand/meshes/th_1a.STL,0.796078431372549,0.823529411764706,0.937254901960784,1,0,0,0,0,0,0,package://Uhand/meshes/th_1a.STL,,physical_hand-1/th_1_a-1,Origin_j_th_1a,Axis_th_1_a <physical_hand-1>,j_th_1a,revolute,0,0,0,0,0,0.7854,th_p,0,0,1,0,0,-1,2,,,,,,,,
th_1b,-0.00351592470376255,1.6306400674182E-16,-1.17961196366423E-16,0,0,0,0.000168566370614359,1.10727727430915E-09,2.58493941422833E-25,1.16648201899353E-25,2.09550589987904E-09,-3.4157757949037E-25,1.48821092272015E-09,0,0,0,0,0,0,package://Uhand/meshes/th_1b.STL,0.796078431372549,0.823529411764706,0.937254901960784,1,0,0,0,0,0,0,package://Uhand/meshes/th_1b.STL,,physical_hand-1/th_1_b-1,Origin_j_th_1b,Axis_th_1_b <physical_hand-1>,j_th_1b,prismatic,0.039799,0,0,0,0,0,th_1a,-1,0,0,0,0,-0.05,0.04,,,,,,,,
th_2a,0.00242687045096655,1.70395999740669E-09,-2.67704157452808E-11,0,0,0,6.82580520836412E-05,1.26368513820354E-10,7.17320687448331E-25,1.46754086935712E-25,7.8871121631623E-10,-7.81594357049664E-26,7.99189351455288E-10,0,0,0,0,0,0,package://Uhand/meshes/th_2a.STL,0.796078431372549,0.823529411764706,0.937254901960784,1,0,0,0,0,0,0,package://Uhand/meshes/th_2a.STL,,physical_hand-1/th_2_a-2,Origin_j_th_2a,Axis_th_2_a <physical_hand-1>,j_th_2a,revolute,0,0,0,0,0,0,th_1b,0,0,1,0,0,-0.5,2,,,,,,,,
th_2b,-0.00504104537702806,-8.71421199089006E-11,1.91159088558379E-10,0,0,0,0.000181338052083641,1.1495080179896E-09,1.55096364853699E-25,-5.01098684290084E-25,3.43032048366185E-09,1.82520093319653E-25,2.82572898129832E-09,0,0,0,0,0,0,package://Uhand/meshes/th_2b.STL,0.796078431372549,0.823529411764706,0.937254901960784,1,0,0,0,0,0,0,package://Uhand/meshes/th_2b.STL,,physical_hand-1/th_2_b-1,Origin_j_th_2b,Axis_th_2_b <physical_hand-1>,j_th_2b,prismatic,0.03,0,0,0,0,0,th_2a,-1,0,0,0,0,-0.02,0.03,,,,,,,,
th_3a,0.00160629499296185,8.0260333795712E-10,0,0,0,0,6.23380520836412E-05,1.25705047153687E-10,3.14958398018556E-26,4.35230844585143E-25,4.15339458286237E-10,3.54674241176957E-27,4.0486132314718E-10,0,0,0,0,0,0,package://Uhand/meshes/th_3a.STL,0.796078431372549,0.823529411764706,0.937254901960784,1,0,0,0,0,0,0,package://Uhand/meshes/th_3a.STL,,physical_hand-1/th_3-1,Origin_j_th_3a,Axis_th_3_a <physical_hand-1>,j_th_3a,revolute,0,0,0,1.5708,0,0.7854,th_2b,0,-1,0,0,0,-1,1.5,,,,,,,,
th_3b,-0.00263021701053545,-3.33066907387547E-16,-2.74935456345826E-11,0,0,0,0.0001198,6.20478666666666E-10,-4.26596891458848E-25,2.40624988994351E-25,9.4099128102393E-10,2.89780744565498E-26,6.84991281023928E-10,0,0,0,0,0,0,package://Uhand/meshes/th_3b.STL,0.796078431372549,0.823529411764706,0.937254901960784,1,0,0,0,0,0,0,package://Uhand/meshes/th_3b.STL,,physical_hand-1/th_3_b-1,Origin_j_th_3b,Axis_th_3_b <physical_hand-1>,j_th_3b,prismatic,0.02,0,0,-1.5708,0,0,th_3a,1,0,0,0,0,-0.015,0.03,,,,,,,,
